{
    "loss": 0.6753278374671936,
    "accuracy": 0.5933333039283752
}